{"cameraMode":{"drawMode":0,"name":"Shaded","section":"Shading Mode"},"sceneLighting":true,"audioPlay":false,"sceneViewState":{"showFog":true,"showMaterialUpdate":false,"showSkybox":true,"showFlares":true,"showImageEffects":true,"showParticleSystems":true},"in2DMode":false,"pivot":{"x":5.696000099182129,"y":-10.492071151733399,"z":4.573999881744385},"rotation":{"x":0.0011406064732000232,"y":-0.9963840842247009,"z":0.084205262362957,"w":0.013745727948844433},"size":6.645235538482666,"orthographic":true}