{"cameraMode":{"drawMode":0,"name":"Shaded","section":"Shading Mode"},"sceneLighting":true,"audioPlay":false,"sceneViewState":{"showFog":true,"showMaterialUpdate":false,"showSkybox":true,"showFlares":true,"showImageEffects":true,"showParticleSystems":true},"in2DMode":false,"pivot":{"x":4.62506103515625,"y":-8.72265625,"z":1.74755859375},"rotation":{"x":0.0039449650794267658,"y":0.9892609119415283,"z":-0.14376004040241242,"w":0.02701030671596527},"size":4.074622631072998,"orthographic":true}